video,药品名称
video001.mp4,注射用头孢噻呋钠
video002.mp4,注射用头孢噻呋钠
video003.mp4,注射用头孢噻呋钠
video004.mp4,注射用头孢噻呋钠
video005.mp4,狂犬病灭活疫苗
video006.mp4,狂犬病灭活疫苗
video007.mp4,注射用头孢噻呋钠
video008.mp4,注射用头孢噻呋钠
video009.mp4,贝伐珠单抗注射液
video010.mp4,贝伐珠单抗注射液
video011.mp4,注射用头孢曲松钠
video012.mp4,注射用头孢曲松钠
video013.mp4,贝伐珠单抗注射液
video014.mp4,狂犬病灭活疫苗
video015.mp4,狂犬病灭活疫苗
video016.mp4,狂犬病灭活疫苗
video017.mp4,狂犬病灭活疫苗
video018.mp4,犬瘟热、腺病毒2型、副流感、细小病毒病四联活疫苗
video019.mp4,犬瘟热、腺病毒2型、副流感、细小病毒病四联活疫苗
video020.mp4,犬瘟热、腺病毒2型、副流感、细小病毒病四联活疫苗
video021.mp4,犬瘟热、腺病毒2型、副流感、细小病毒病四联活疫苗
video022.mp4,犬瘟热、腺病毒2型、副流感、细小病毒病四联活疫苗
video023.mp4,犬瘟热、腺病毒2型、副流感、细小病毒病四联活疫苗
video024.mp4,犬瘟热、腺病毒2型、副流感、细小病毒病四联活疫苗
video025.mp4,猫鼻气管炎、杯状病毒病、泛白细胞减少症三联灭活疫苗
video026.mp4,猫鼻气管炎、杯状病毒病、泛白细胞减少症三联灭活疫苗
video027.mp4,猫鼻气管炎、杯状病毒病、泛白细胞减少症三联灭活疫苗
video028.mp4,猫鼻气管炎、杯状病毒病、泛白细胞减少症三联灭活疫苗
video029.mp4,猫鼻气管炎、杯状病毒病、泛白细胞减少症三联灭活疫苗
video030.mp4,猫鼻气管炎、杯状病毒病、泛白细胞减少症三联灭活疫苗
video031.mp4,狂犬病灭活疫苗
video032.mp4,狂犬病灭活疫苗
video033.mp4,狂犬病灭活疫苗
video034.mp4,狂犬病灭活疫苗
video035.mp4,犬瘟热、腺病毒2型、副流感、细小病毒病四联活疫苗
video036.mp4,贝伐珠单抗注射液
video037.mp4,贝伐珠单抗注射液
video038.mp4,贝伐珠单抗注射液
video039.mp4,注射用头孢曲松钠
video040.mp4,注射用头孢曲松钠
video041.mp4,注射用头孢曲松钠
video042.mp4,注射用头孢曲松钠
video043.mp4,注射用头孢噻呋钠
video044.mp4,注射用头孢噻呋钠
video045.mp4,犬瘟热、腺病毒2型、副流感、细小病毒病四联活疫苗
video046.mp4,犬瘟热、腺病毒2型、副流感、细小病毒病四联活疫苗
video047.mp4,犬瘟热、腺病毒2型、副流感、细小病毒病四联活疫苗
video048.mp4,狂犬病灭活疫苗
video049.mp4,蒲地蓝消炎口服液
video050.mp4,蒲地蓝消炎口服液
video051.mp4,蒲地蓝消炎口服液
video052.mp4,蒲地蓝消炎口服液
video053.mp4,蒲地蓝消炎口服液
video054.mp4,蒲地蓝消炎口服液
video055.mp4,双黄连口服液
video056.mp4,双黄连口服液
video057.mp4,双黄连口服液
video058.mp4,双黄连口服液
video059.mp4,双黄连口服液
video060.mp4,双黄连口服液
video061.mp4,奥美拉唑肠溶胶囊
video062.mp4,奥美拉唑肠溶胶囊
video063.mp4,奥美拉唑肠溶胶囊
video064.mp4,奥美拉唑肠溶胶囊
video065.mp4,奥美拉唑肠溶胶囊
video066.mp4,奥美拉唑肠溶胶囊
video067.mp4,孟鲁司特钠片
video068.mp4,孟鲁司特钠片
video069.mp4,孟鲁司特钠片
video070.mp4,孟鲁司特钠片
video071.mp4,孟鲁司特钠片
video072.mp4,孟鲁司特钠片
video073.mp4,孟鲁司特钠片
video074.mp4,盐酸小檗碱片
video075.mp4,盐酸小檗碱片
video076.mp4,盐酸小檗碱片
video077.mp4,盐酸小檗碱片
video078.mp4,盐酸小檗碱片
video079.mp4,盐酸小檗碱片
video080.mp4,盐酸小檗碱片
